Klasse,Label,Bereich,Pixel,Fläche_km2,Anteil_%,Mean,Std
1,Ungeeignet,0.0–0.2,0,0.0,0.0,,
2,Gering geeignet,0.2–0.4,3,0.0,0.0,0.3840000033378601,0.009999999776482582
3,Mässig geeignet,0.4–0.6,5676,3.55,0.6,0.5730000138282776,0.027000000700354576
4,Gut geeignet,0.6–0.8,633104,395.69,72.3,0.7409999966621399,0.0430000014603138
5,Sehr gut geeignet,0.8–1.0,237485,148.43,27.1,0.8259999752044678,0.019999999552965164
,TOTAL,0.0–1.0,876268,547.67,100.0,0.7630000114440918,0.0560000017285347
