Klasse,Label,Bereich,Pixel,Fläche_km2,Anteil_%,Mean,Std
1,Ungeeignet,0.0–0.2,0,0.0,0.0,,
2,Gering geeignet,0.2–0.4,0,0.0,0.0,,
3,Mässig geeignet,0.4–0.6,1615,1.01,0.3,0.5720000267028809,0.028999999165534973
4,Gut geeignet,0.6–0.8,394349,246.47,63.0,0.75,0.03999999910593033
5,Sehr gut geeignet,0.8–1.0,230265,143.92,36.8,0.8270000219345093,0.01899999938905239
,TOTAL,0.0–1.0,626229,391.39,100.0,0.777999997138977,0.050999999046325684
